ride_id,city,ride_type,event_type,distance_km,fare,surge_multiplier,payment_status,rating
R1001,Delhi,Uber Go,trip_completed,8.4,245,1.0,success,4.5
R1002,Mumbai,Uber Auto,trip_completed,5.2,135,1.2,success,4.2
R1003,Bengaluru,Uber Moto,trip_completed,6.8,118,1.0,success,4.7
R1004,Hyderabad,Uber Go,trip_completed,10.1,285,1.3,success,4.1
R1005,Pune,Uber XL,trip_completed,12.5,410,1.1,success,4.6
R1006,Delhi,Uber Auto,trip_completed,4.6,120,1.0,success,4.0
R1007,Mumbai,Uber Go,trip_completed,9.2,275,1.4,success,4.4
R1008,Bengaluru,Uber XL,trip_completed,14.3,465,1.2,success,4.8
R1009,Hyderabad,Uber Moto,trip_completed,7.1,125,1.0,success,4.3
R1010,Pune,Uber Go,trip_completed,6.5,205,1.0,success,4.5
R1011,Delhi,Uber XL,trip_completed,15.2,495,1.5,success,4.2
R1012,Mumbai,Uber Auto,trip_completed,3.8,110,1.1,success,4.1
R1013,Bengaluru,Uber Go,trip_completed,11.4,325,1.3,success,4.6
R1014,Hyderabad,Uber Auto,trip_completed,5.9,145,1.0,success,4.4
R1015,Pune,Uber Moto,trip_completed,8.2,135,1.2,success,4.7
R1016,Delhi,Uber Go,trip_completed,7.7,230,1.1,success,4.3
R1017,Mumbai,Uber XL,trip_completed,13.6,445,1.4,success,4.5
R1018,Bengaluru,Uber Auto,trip_completed,4.3,125,1.0,success,4.0
R1019,Hyderabad,Uber Go,trip_completed,9.8,295,1.2,success,4.6
R1020,Pune,Uber XL,trip_completed,16.1,520,1.5,success,4.8
R1021,Delhi,Uber Moto,trip_completed,5.4,105,1.0,success,4.2
R1022,Mumbai,Uber Go,trip_completed,8.9,265,1.3,success,4.4
R1023,Bengaluru,Uber Auto,trip_completed,6.2,155,1.1,success,4.5
R1024,Hyderabad,Uber XL,trip_completed,12.8,425,1.3,success,4.7
R1025,Pune,Uber Go,trip_completed,7.3,220,1.0,success,4.3
R1026,Delhi,Uber Auto,trip_completed,4.9,130,1.2,success,4.1
R1027,Mumbai,Uber Moto,trip_completed,6.7,115,1.0,success,4.6
R1028,Bengaluru,Uber Go,trip_completed,10.6,310,1.2,success,4.5
R1029,Hyderabad,Uber Auto,trip_completed,5.1,140,1.1,success,4.2
R1030,Pune,Uber XL,trip_completed,14.8,480,1.4,success,4.7